id;nom;prenom;email;telephone;specialite
1;Practical Denar;parsing Customer SSL;Randall.Kertzmann83@yahoo.com;1-609-224-3154;Industrial Cape indexing
2;Shores;Division payment multi-byte;Gene_Roob@hotmail.com;1-722-720-9056;Franc
3;Cambridgeshire Incredible;Oman JSON Sleek;Rory_West@hotmail.com;587-885-8209 x9290;Virginia neural
4;Freeway cyan transition;revolutionary;Victor_Legros35@yahoo.com;449-255-0673 x0159;Malawi
5;AGP software;Tasty;Cleora89@yahoo.com;935-741-7053;Australia JBOD Course
6;Wooden SDD;optical;Akeem_Schulist@hotmail.com;1-218-488-0535;bluetooth
7;USB SMS;Director ivory;Alessandro33@yahoo.com;(796) 803-5553 x186;Won
8;orchid copying;Nevada plug-and-play Intelligent;Nicholas72@hotmail.com;318.818.8612 x438;website Sudanese
9;Singapore connecting;payment;Makayla_Sporer@yahoo.com;877-499-5090 x526;flexibility system
10;Analyst optical PNG;feed National;Trey_Barrows@yahoo.com;(464) 894-9548 x60182;Illinois
